index,image_id,category,artifact_tag,ground_truth_value,unit,logic_constraint,expected_value,rule_id,reasoning,hard_case_flag,expected_verdict,full_path,processed_path,constraint
1,ft_gauge (1).jpg,guage,,0,psi,Alert if reading is at 0 psi.,0 psi,Rule A,Value is 0. System is at 0.,0,UNSAFE,Dataset_FineTune/Selected images/ft_gauge (1).jpg,Dataset_FineTune/Preprocessed/ft_gauge (1).jpg,
2,ft_gauge (1).jpg,guage,,0,psi,Alert if > 5 psi.,0 psi,Rule B,Value is 0. 0 < 5.,0,SAFE,Dataset_FineTune/Selected images/ft_gauge (1).jpg,Dataset_FineTune/Preprocessed/ft_gauge (1).jpg,
3,ft_gauge (2).jpg,guage,,0,bar,Alert if reading is at 0 bar.,0 bar,Rule A,Value is 0. System is at 0.,0,UNSAFE,Dataset_FineTune/Selected images/ft_gauge (2).jpg,Dataset_FineTune/Preprocessed/ft_gauge (2).jpg,
4,ft_gauge (2).jpg,guage,,0,bar,Alert if > 0.5 bar.,0 bar,Rule B,Value is 0. 0 < 0.5.,0,SAFE,Dataset_FineTune/Selected images/ft_gauge (2).jpg,Dataset_FineTune/Preprocessed/ft_gauge (2).jpg,
5,ft_gauge (3).jpg,guage,Oblique Angle,85,bar,Alert if > 73 bar.,85 bar,Rule A,Value is 85. 85 > 73.,1,UNSAFE,Dataset_FineTune/Selected images/ft_gauge (3).jpg,Dataset_FineTune/Preprocessed/ft_gauge (3).jpg,Oblique Angle
6,ft_gauge (3).jpg,guage,Oblique Angle,85,bar,Alert if > 97 bar.,85 bar,Rule B,Value is 85. 85 < 97.,1,SAFE,Dataset_FineTune/Selected images/ft_gauge (3).jpg,Dataset_FineTune/Preprocessed/ft_gauge (3).jpg,Oblique Angle
7,ft_gauge (4).jpg,guage,,1.6,bar,Alert if > 0.7 bar.,1.6 bar,Rule A,Value is 1.6. 1.6 > 0.7.,0,UNSAFE,Dataset_FineTune/Selected images/ft_gauge (4).jpg,Dataset_FineTune/Preprocessed/ft_gauge (4).jpg,
8,ft_gauge (4).jpg,guage,,1.6,bar,Alert if > 2.5 bar.,1.6 bar,Rule B,Value is 1.6. 1.6 < 2.5.,0,SAFE,Dataset_FineTune/Selected images/ft_gauge (4).jpg,Dataset_FineTune/Preprocessed/ft_gauge (4).jpg,
9,ft_gauge (5).jpg,guage,Low Contrast,0,kg/cm²,Alert if reading is at 0 kg/cm².,0 kg/cm²,Rule A,Value is 0. System is at 0.,1,UNSAFE,Dataset_FineTune/Selected images/ft_gauge (5).jpg,Dataset_FineTune/Preprocessed/ft_gauge (5).jpg,Low Contrast
10,ft_gauge (5).jpg,guage,Low Contrast,0,kg/cm²,Alert if > 0.5 kg/cm².,0 kg/cm²,Rule B,Value is 0. 0 < 0.5.,1,SAFE,Dataset_FineTune/Selected images/ft_gauge (5).jpg,Dataset_FineTune/Preprocessed/ft_gauge (5).jpg,Low Contrast
11,ft_gauge (6).jpg,guage,Oblique Angle,2.2,,Alert if > 0.6 NA.,2.2 NA,Rule A,Value is 2.2. 2.2 > 0.6.,0,UNSAFE,Dataset_FineTune/Selected images/ft_gauge (6).jpg,Dataset_FineTune/Preprocessed/ft_gauge (6).jpg,Oblique Angle
12,ft_gauge (6).jpg,guage,Oblique Angle,2.2,,Alert if > 3.8 NA.,2.2 NA,Rule B,Value is 2.2. 2.2 < 3.8.,0,SAFE,Dataset_FineTune/Selected images/ft_gauge (6).jpg,Dataset_FineTune/Preprocessed/ft_gauge (6).jpg,Oblique Angle
13,ft_gauge (7).jpg,guage,Glare/ Oblique Angle,0,bar,Alert if reading is at 0 bar.,0 bar,Rule A,Value is 0. System is at 0.,0,UNSAFE,Dataset_FineTune/Selected images/ft_gauge (7).jpg,Dataset_FineTune/Preprocessed/ft_gauge (7).jpg,Glare/ Oblique Angle
14,ft_gauge (7).jpg,guage,Glare/ Oblique Angle,0,bar,Alert if > 0.5 bar.,0 bar,Rule B,Value is 0. 0 < 0.5.,0,SAFE,Dataset_FineTune/Selected images/ft_gauge (7).jpg,Dataset_FineTune/Preprocessed/ft_gauge (7).jpg,Glare/ Oblique Angle
15,ft_gauge (8).jpg,guage,,12,°C,Alert if > 2 °C.,12 °C,Rule A,Value is 12. 12 > 2.,0,UNSAFE,Dataset_FineTune/Selected images/ft_gauge (8).jpg,Dataset_FineTune/Preprocessed/ft_gauge (8).jpg,
16,ft_gauge (8).jpg,guage,,12,°C,Alert if > 22 °C.,12 °C,Rule B,Value is 12. 12 < 22.,0,SAFE,Dataset_FineTune/Selected images/ft_gauge (8).jpg,Dataset_FineTune/Preprocessed/ft_gauge (8).jpg,
17,ft_gauge (9).jpg,guage,Low Contrast,35,°C,Alert if > 33 °C.,35 °C,Rule A,Value is 35. 35 > 33.,1,UNSAFE,Dataset_FineTune/Selected images/ft_gauge (9).jpg,Dataset_FineTune/Preprocessed/ft_gauge (9).jpg,Low Contrast
18,ft_gauge (9).jpg,guage,Low Contrast,35,°C,Alert if > 37 °C.,35 °C,Rule B,Value is 35. 35 < 37.,1,SAFE,Dataset_FineTune/Selected images/ft_gauge (9).jpg,Dataset_FineTune/Preprocessed/ft_gauge (9).jpg,Low Contrast
19,ft_gauge (10).jpg,guage,,0.1,,Alert if > 0.07 NA.,0.1 NA,Rule A,Value is 0.1. 0.1 > 0.07.,0,UNSAFE,Dataset_FineTune/Selected images/ft_gauge (10).jpg,Dataset_FineTune/Preprocessed/ft_gauge (10).jpg,
20,ft_gauge (10).jpg,guage,,0.1,,Alert if > 0.13 NA.,0.1 NA,Rule B,Value is 0.1. 0.1 < 0.13.,0,SAFE,Dataset_FineTune/Selected images/ft_gauge (10).jpg,Dataset_FineTune/Preprocessed/ft_gauge (10).jpg,
21,ft_gauge (11).jpg,guage,Oblique Angle,3.7,bar,Alert if > 2.9 bar.,3.7 bar,Rule A,Value is 3.7. 3.7 > 2.9.,0,UNSAFE,Dataset_FineTune/Selected images/ft_gauge (11).jpg,Dataset_FineTune/Preprocessed/ft_gauge (11).jpg,Oblique Angle
22,ft_gauge (11).jpg,guage,Oblique Angle,3.7,bar,Alert if > 4.5 bar.,3.7 bar,Rule B,Value is 3.7. 3.7 < 4.5.,0,SAFE,Dataset_FineTune/Selected images/ft_gauge (11).jpg,Dataset_FineTune/Preprocessed/ft_gauge (11).jpg,Oblique Angle
23,ft_gauge (12).jpg,guage,,400,kPa,Alert if > 348 kPa.,400 kPa,Rule A,Value is 400. 400 > 348.,1,UNSAFE,Dataset_FineTune/Selected images/ft_gauge (12).jpg,Dataset_FineTune/Preprocessed/ft_gauge (12).jpg,
24,ft_gauge (12).jpg,guage,,400,kPa,Alert if > 452 kPa.,400 kPa,Rule B,Value is 400. 400 < 452.,1,SAFE,Dataset_FineTune/Selected images/ft_gauge (12).jpg,Dataset_FineTune/Preprocessed/ft_gauge (12).jpg,
25,ft_gauge (13).jpg,guage,,1.2,bar,Alert if > 0.6 bar.,1.2 bar,Rule A,Value is 1.2. 1.2 > 0.6.,0,UNSAFE,Dataset_FineTune/Selected images/ft_gauge (13).jpg,Dataset_FineTune/Preprocessed/ft_gauge (13).jpg,
26,ft_gauge (13).jpg,guage,,1.2,bar,Alert if > 2.5 bar.,1.2 bar,Rule B,Value is 1.2. 1.2 < 2.5.,0,SAFE,Dataset_FineTune/Selected images/ft_gauge (13).jpg,Dataset_FineTune/Preprocessed/ft_gauge (13).jpg,
27,ft_gauge (14).jpg,guage,Low Contrast,10,,Alert if > 5 NA.,10 NA,Rule A,Value is 10. 10 > 5.,0,UNSAFE,Dataset_FineTune/Selected images/ft_gauge (14).jpg,Dataset_FineTune/Preprocessed/ft_gauge (14).jpg,Low Contrast
28,ft_gauge (14).jpg,guage,Low Contrast,10,,Alert if > 21 NA.,10 NA,Rule B,Value is 10. 10 < 21.,0,SAFE,Dataset_FineTune/Selected images/ft_gauge (14).jpg,Dataset_FineTune/Preprocessed/ft_gauge (14).jpg,Low Contrast
29,ft_gauge (15).jpg,guage,,15,psi,Alert if > 4 psi.,15 psi,Rule A,Value is 15. 15 > 4.,1,UNSAFE,Dataset_FineTune/Selected images/ft_gauge (15).jpg,Dataset_FineTune/Preprocessed/ft_gauge (15).jpg,
30,ft_gauge (15).jpg,guage,,15,psi,Alert if > 26 psi.,15 psi,Rule B,Value is 15. 15 < 26.,1,SAFE,Dataset_FineTune/Selected images/ft_gauge (15).jpg,Dataset_FineTune/Preprocessed/ft_gauge (15).jpg,
31,ft_gauge (16).jpg,guage,Oblique Angle,0,bar,Alert if reading is at 0 bar.,0 bar,Rule A,Value is 0. System is at 0.,1,UNSAFE,Dataset_FineTune/Selected images/ft_gauge (16).jpg,Dataset_FineTune/Preprocessed/ft_gauge (16).jpg,Oblique Angle
32,ft_gauge (16).jpg,guage,Oblique Angle,0,bar,Alert if > 5.0 bar.,0 bar,Rule B,Value is 0. 0 < 5.0.,1,SAFE,Dataset_FineTune/Selected images/ft_gauge (16).jpg,Dataset_FineTune/Preprocessed/ft_gauge (16).jpg,Oblique Angle
33,ft_gauge (17).jpg,guage,Low Contrast,0,,Alert if reading is at 0 NA.,0 NA,Rule A,Value is 0. System is at 0.,1,UNSAFE,Dataset_FineTune/Selected images/ft_gauge (17).jpg,Dataset_FineTune/Preprocessed/ft_gauge (17).jpg,Low Contrast
34,ft_gauge (17).jpg,guage,Low Contrast,0,,Alert if > 5 NA.,0 NA,Rule B,Value is 0. 0 < 5.,1,SAFE,Dataset_FineTune/Selected images/ft_gauge (17).jpg,Dataset_FineTune/Preprocessed/ft_gauge (17).jpg,Low Contrast
35,ft_gauge (18).jpg,guage,Oblique Angle/ Low Contrast,120,,Alert if > 79 NA.,120 NA,Rule A,Value is 120. 120 > 79.,1,UNSAFE,Dataset_FineTune/Selected images/ft_gauge (18).jpg,Dataset_FineTune/Preprocessed/ft_gauge (18).jpg,Oblique Angle/ Low Contrast
36,ft_gauge (18).jpg,guage,Oblique Angle/ Low Contrast,120,,Alert if > 161 NA.,120 NA,Rule B,Value is 120. 120 < 161.,1,SAFE,Dataset_FineTune/Selected images/ft_gauge (18).jpg,Dataset_FineTune/Preprocessed/ft_gauge (18).jpg,Oblique Angle/ Low Contrast
37,ft_gauge (19).jpg,guage,,28,°C,Alert if > 22 °C.,28 °C,Rule A,Value is 28. 28 > 22.,0,UNSAFE,Dataset_FineTune/Selected images/ft_gauge (19).jpg,Dataset_FineTune/Preprocessed/ft_gauge (19).jpg,
38,ft_gauge (19).jpg,guage,,28,°C,Alert if > 34 °C.,28 °C,Rule B,Value is 28. 28 < 34.,0,SAFE,Dataset_FineTune/Selected images/ft_gauge (19).jpg,Dataset_FineTune/Preprocessed/ft_gauge (19).jpg,
39,ft_gauge (20).jpg,guage,,0,bar,Alert if reading is at 0 bar.,0 bar,Rule A,Value is 0. System is at 0.,0,UNSAFE,Dataset_FineTune/Selected images/ft_gauge (20).jpg,Dataset_FineTune/Preprocessed/ft_gauge (20).jpg,
40,ft_gauge (20).jpg,guage,,0,bar,Alert if > 0.5 bar.,0 bar,Rule B,Value is 0. 0 < 0.5.,0,SAFE,Dataset_FineTune/Selected images/ft_gauge (20).jpg,Dataset_FineTune/Preprocessed/ft_gauge (20).jpg,
41,ft_gauge (21).jpg,guage,,67,psi,Alert if > 55 psi.,67 psi,Rule A,Value is 67. 67 > 55.,1,UNSAFE,Dataset_FineTune/Selected images/ft_gauge (21).jpg,Dataset_FineTune/Preprocessed/ft_gauge (21).jpg,
42,ft_gauge (21).jpg,guage,,67,psi,Alert if > 79 psi.,67 psi,Rule B,Value is 67. 67 < 79.,1,SAFE,Dataset_FineTune/Selected images/ft_gauge (21).jpg,Dataset_FineTune/Preprocessed/ft_gauge (21).jpg,
43,ft_gauge (22).jpg,guage,,0,psi,Alert if reading is at 0 psi.,0 psi,Rule A,Value is 0. System is at 0.,1,UNSAFE,Dataset_FineTune/Selected images/ft_gauge (22).jpg,Dataset_FineTune/Preprocessed/ft_gauge (22).jpg,
44,ft_gauge (22).jpg,guage,,0,psi,Alert if > 10 psi.,0 psi,Rule B,Value is 0. 0 < 10.,1,SAFE,Dataset_FineTune/Selected images/ft_gauge (22).jpg,Dataset_FineTune/Preprocessed/ft_gauge (22).jpg,
45,ft_gauge (23).jpg,guage,,100,psi,Alert if > 41 psi.,100 psi,Rule A,Value is 100. 100 > 41.,1,UNSAFE,Dataset_FineTune/Selected images/ft_gauge (23).jpg,Dataset_FineTune/Preprocessed/ft_gauge (23).jpg,
46,ft_gauge (23).jpg,guage,,100,psi,Alert if > 159 psi.,100 psi,Rule B,Value is 100. 100 < 159.,1,SAFE,Dataset_FineTune/Selected images/ft_gauge (23).jpg,Dataset_FineTune/Preprocessed/ft_gauge (23).jpg,
47,ft_gauge (24).jpg,guage,,18,,Alert if > 12 NA.,18 NA,Rule A,Value is 18. 18 > 12.,0,UNSAFE,Dataset_FineTune/Selected images/ft_gauge (24).jpg,Dataset_FineTune/Preprocessed/ft_gauge (24).jpg,
48,ft_gauge (24).jpg,guage,,18,,Alert if > 24 NA.,18 NA,Rule B,Value is 18. 18 < 24.,0,SAFE,Dataset_FineTune/Selected images/ft_gauge (24).jpg,Dataset_FineTune/Preprocessed/ft_gauge (24).jpg,
49,ft_gauge (25).jpg,guage,Oblique Angle,25,psi,Alert if > 21 psi.,25 psi,Rule A,Value is 25. 25 > 21.,1,UNSAFE,Dataset_FineTune/Selected images/ft_gauge (25).jpg,Dataset_FineTune/Preprocessed/ft_gauge (25).jpg,Oblique Angle
50,ft_gauge (25).jpg,guage,Oblique Angle,25,psi,Alert if > 29 psi.,25 psi,Rule B,Value is 25. 25 < 29.,1,SAFE,Dataset_FineTune/Selected images/ft_gauge (25).jpg,Dataset_FineTune/Preprocessed/ft_gauge (25).jpg,Oblique Angle
51,ft_gauge (26).jpg,guage,Low Contrast/ Oblique Angle,0,psi,Alert if reading is at 0 psi.,0 psi,Rule A,Value is 0. System is at 0.,1,UNSAFE,Dataset_FineTune/Selected images/ft_gauge (26).jpg,Dataset_FineTune/Preprocessed/ft_gauge (26).jpg,Low Contrast/ Oblique Angle
52,ft_gauge (26).jpg,guage,Low Contrast/ Oblique Angle,0,psi,Alert if > 15 psi.,0 psi,Rule B,Value is 0. 0 < 15.,1,SAFE,Dataset_FineTune/Selected images/ft_gauge (26).jpg,Dataset_FineTune/Preprocessed/ft_gauge (26).jpg,Low Contrast/ Oblique Angle
53,ft_gauge (27).jpg,guage,Glare,9,psi,Alert if > 8.3 psi.,9 psi,Rule A,Value is 9. 9 > 8.3.,1,UNSAFE,Dataset_FineTune/Selected images/ft_gauge (27).jpg,Dataset_FineTune/Preprocessed/ft_gauge (27).jpg,Glare
54,ft_gauge (27).jpg,guage,Glare,9,psi,Alert if > 9.7 psi.,9 psi,Rule B,Value is 9. 9 < 9.7.,1,SAFE,Dataset_FineTune/Selected images/ft_gauge (27).jpg,Dataset_FineTune/Preprocessed/ft_gauge (27).jpg,Glare
55,ft_gauge (28).jpg,guage,,5,,Alert if > 3.9 NA.,5 NA,Rule A,Value is 5. 5 > 3.9.,1,UNSAFE,Dataset_FineTune/Selected images/ft_gauge (28).jpg,Dataset_FineTune/Preprocessed/ft_gauge (28).jpg,
56,ft_gauge (28).jpg,guage,,5,,Alert if > 6.1 NA.,5 NA,Rule B,Value is 5. 5 < 6.1.,1,SAFE,Dataset_FineTune/Selected images/ft_gauge (28).jpg,Dataset_FineTune/Preprocessed/ft_gauge (28).jpg,
57,ft_gauge (29).jpg,guage,Low Contrast,0.1,bar,Alert if > 0.06 bar.,0.1 bar,Rule A,Value is 0.1. 0.1 > 0.06.,1,UNSAFE,Dataset_FineTune/Selected images/ft_gauge (29).jpg,Dataset_FineTune/Preprocessed/ft_gauge (29).jpg,Low Contrast
58,ft_gauge (29).jpg,guage,Low Contrast,0.1,bar,Alert if > 0.14 bar.,0.1 bar,Rule B,Value is 0.1. 0.1 < 0.14.,1,SAFE,Dataset_FineTune/Selected images/ft_gauge (29).jpg,Dataset_FineTune/Preprocessed/ft_gauge (29).jpg,Low Contrast
59,ft_gauge (30).jpg,guage,Low Contrast/ Oblique Angle,30,,Alert if > 24 NA.,30 NA,Rule A,Value is 30. 30 > 24.,1,UNSAFE,Dataset_FineTune/Selected images/ft_gauge (30).jpg,Dataset_FineTune/Preprocessed/ft_gauge (30).jpg,Low Contrast/ Oblique Angle
60,ft_gauge (30).jpg,guage,Low Contrast/ Oblique Angle,30,,Alert if > 36 NA.,30 NA,Rule B,Value is 30. 30 < 36.,1,SAFE,Dataset_FineTune/Selected images/ft_gauge (30).jpg,Dataset_FineTune/Preprocessed/ft_gauge (30).jpg,Low Contrast/ Oblique Angle
61,ft_gauge (31).jpg,guage,Low Contrast,300,kPa,Alert if > 271 kPa.,300 kPa,Rule A,Value is 300. 300 > 271.,1,UNSAFE,Dataset_FineTune/Selected images/ft_gauge (31).jpg,Dataset_FineTune/Preprocessed/ft_gauge (31).jpg,Low Contrast
62,ft_gauge (31).jpg,guage,Low Contrast,300,kPa,Alert if > 329 kPa.,300 kPa,Rule B,Value is 300. 300 < 329.,1,SAFE,Dataset_FineTune/Selected images/ft_gauge (31).jpg,Dataset_FineTune/Preprocessed/ft_gauge (31).jpg,Low Contrast
63,ft_gauge (32).jpg,guage,Low Contrast,0,kg/cm³,Alert if reading is at 0 kg/cm³.,0 kg/cm³,Rule A,Value is 0. System is at 0.,1,UNSAFE,Dataset_FineTune/Selected images/ft_gauge (32).jpg,Dataset_FineTune/Preprocessed/ft_gauge (32).jpg,Low Contrast
64,ft_gauge (32).jpg,guage,Low Contrast,0,kg/cm³,Alert if > 0.5 kg/cm³.,0 kg/cm³,Rule B,Value is 0. 0 < 0.5.,1,SAFE,Dataset_FineTune/Selected images/ft_gauge (32).jpg,Dataset_FineTune/Preprocessed/ft_gauge (32).jpg,Low Contrast
65,ft_gauge (33).jpg,guage,Low Contrast,110,psi,Alert if > 49 psi.,110 psi,Rule A,Value is 110. 110 > 49.,1,UNSAFE,Dataset_FineTune/Selected images/ft_gauge (33).jpg,Dataset_FineTune/Preprocessed/ft_gauge (33).jpg,Low Contrast
66,ft_gauge (33).jpg,guage,Low Contrast,110,psi,Alert if > 171 psi.,110 psi,Rule B,Value is 110. 110 < 171.,1,SAFE,Dataset_FineTune/Selected images/ft_gauge (33).jpg,Dataset_FineTune/Preprocessed/ft_gauge (33).jpg,Low Contrast
67,ft_gauge (34).jpg,guage,Low Contrast/ Oblique Angle,55,,Alert if > 46 NA.,55 NA,Rule A,Value is 55. 55 > 46.,1,UNSAFE,Dataset_FineTune/Selected images/ft_gauge (34).jpg,Dataset_FineTune/Preprocessed/ft_gauge (34).jpg,Low Contrast/ Oblique Angle
68,ft_gauge (34).jpg,guage,Low Contrast/ Oblique Angle,55,,Alert if > 64 NA.,55 NA,Rule B,Value is 55. 55 < 64.,1,SAFE,Dataset_FineTune/Selected images/ft_gauge (34).jpg,Dataset_FineTune/Preprocessed/ft_gauge (34).jpg,Low Contrast/ Oblique Angle
69,ft_gauge (35).jpg,guage,Low Contrast,0.2,,Alert if > 0.08 NA.,0.2 NA,Rule A,Value is 0.2. 0.2 > 0.08.,1,UNSAFE,Dataset_FineTune/Selected images/ft_gauge (35).jpg,Dataset_FineTune/Preprocessed/ft_gauge (35).jpg,Low Contrast
70,ft_gauge (35).jpg,guage,Low Contrast,0.2,,Alert if > 0.32 NA.,0.2 NA,Rule B,Value is 0.2. 0.2 < 0.32.,1,SAFE,Dataset_FineTune/Selected images/ft_gauge (35).jpg,Dataset_FineTune/Preprocessed/ft_gauge (35).jpg,Low Contrast
71,ft_gauge (36).jpg,guage,Oblique Angle,25,kPa,Alert if > 18 kPa.,25 kPa,Rule A,Value is 25. 25 > 18.,1,UNSAFE,Dataset_FineTune/Selected images/ft_gauge (36).jpg,Dataset_FineTune/Preprocessed/ft_gauge (36).jpg,Oblique Angle
72,ft_gauge (36).jpg,guage,Oblique Angle,25,kPa,Alert if > 32 kPa.,25 kPa,Rule B,Value is 25. 25 < 32.,1,SAFE,Dataset_FineTune/Selected images/ft_gauge (36).jpg,Dataset_FineTune/Preprocessed/ft_gauge (36).jpg,Oblique Angle
73,ft_gauge (37).jpg,guage,,0,bar,Alert if reading is at 0 bar.,0 bar,Rule A,Value is 0. System is at 0.,1,UNSAFE,Dataset_FineTune/Selected images/ft_gauge (37).jpg,Dataset_FineTune/Preprocessed/ft_gauge (37).jpg,
74,ft_gauge (37).jpg,guage,,0,bar,Alert if > 2.0 bar.,0 bar,Rule B,Value is 0. 0 < 2.0.,1,SAFE,Dataset_FineTune/Selected images/ft_gauge (37).jpg,Dataset_FineTune/Preprocessed/ft_gauge (37).jpg,
75,ft_gauge (38).jpg,guage,,0,bar,Alert if reading is at 0 bar.,0 bar,Rule A,Value is 0. System is at 0.,1,UNSAFE,Dataset_FineTune/Selected images/ft_gauge (38).jpg,Dataset_FineTune/Preprocessed/ft_gauge (38).jpg,
76,ft_gauge (38).jpg,guage,,0,bar,Alert if > 2.0 bar.,0 bar,Rule B,Value is 0. 0 < 2.0.,1,SAFE,Dataset_FineTune/Selected images/ft_gauge (38).jpg,Dataset_FineTune/Preprocessed/ft_gauge (38).jpg,
77,ft_gauge (39).jpg,guage,,0,bar,Alert if reading is at 0 bar.,0 bar,Rule A,Value is 0. System is at 0.,1,UNSAFE,Dataset_FineTune/Selected images/ft_gauge (39).jpg,Dataset_FineTune/Preprocessed/ft_gauge (39).jpg,
78,ft_gauge (39).jpg,guage,,0,bar,Alert if > 1.0 bar.,0 bar,Rule B,Value is 0. 0 < 1.0.,1,SAFE,Dataset_FineTune/Selected images/ft_gauge (39).jpg,Dataset_FineTune/Preprocessed/ft_gauge (39).jpg,
79,ft_gauge (40).jpg,guage,,0,bar,Alert if reading is at 0 bar.,0 bar,Rule A,Value is 0. System is at 0.,1,UNSAFE,Dataset_FineTune/Selected images/ft_gauge (40).jpg,Dataset_FineTune/Preprocessed/ft_gauge (40).jpg,
80,ft_gauge (40).jpg,guage,,0,bar,Alert if > 0.5 bar.,0 bar,Rule B,Value is 0. 0 < 0.5.,1,SAFE,Dataset_FineTune/Selected images/ft_gauge (40).jpg,Dataset_FineTune/Preprocessed/ft_gauge (40).jpg,
81,ft_gauge (41).jpg,guage,Glare,0.5,bar,Alert if > 0.34 bar.,0.5 bar,Rule A,Value is 0.5. 0.5 > 0.34.,1,UNSAFE,Dataset_FineTune/Selected images/ft_gauge (41).jpg,Dataset_FineTune/Preprocessed/ft_gauge (41).jpg,Glare
82,ft_gauge (41).jpg,guage,Glare,0.5,bar,Alert if > 0.66 bar.,0.5 bar,Rule B,Value is 0.5. 0.5 < 0.66.,1,SAFE,Dataset_FineTune/Selected images/ft_gauge (41).jpg,Dataset_FineTune/Preprocessed/ft_gauge (41).jpg,Glare
83,ft_gauge (42).jpg,guage,Low Contrast,9,,Alert if > 8.2 NA.,9 NA,Rule A,Value is 9. 9 > 8.2.,1,UNSAFE,Dataset_FineTune/Selected images/ft_gauge (42).jpg,Dataset_FineTune/Preprocessed/ft_gauge (42).jpg,Low Contrast
84,ft_gauge (42).jpg,guage,Low Contrast,9,,Alert if > 9.8 NA.,9 NA,Rule B,Value is 9. 9 < 9.8.,1,SAFE,Dataset_FineTune/Selected images/ft_gauge (42).jpg,Dataset_FineTune/Preprocessed/ft_gauge (42).jpg,Low Contrast
85,ft_gauge (43).jpg,guage,,7,bar,Alert if > 6.1 bar.,7 bar,Rule A,Value is 7. 7 > 6.1.,1,UNSAFE,Dataset_FineTune/Selected images/ft_gauge (43).jpg,Dataset_FineTune/Preprocessed/ft_gauge (43).jpg,
86,ft_gauge (43).jpg,guage,,7,bar,Alert if > 7.9 bar.,7 bar,Rule B,Value is 7. 7 < 7.9.,1,SAFE,Dataset_FineTune/Selected images/ft_gauge (43).jpg,Dataset_FineTune/Preprocessed/ft_gauge (43).jpg,
87,ft_gauge (44).jpg,guage,,7,bar,Alert if > 6.4 bar.,7 bar,Rule A,Value is 7. 7 > 6.4.,1,UNSAFE,Dataset_FineTune/Selected images/ft_gauge (44).jpg,Dataset_FineTune/Preprocessed/ft_gauge (44).jpg,
88,ft_gauge (44).jpg,guage,,7,bar,Alert if > 7.6 bar.,7 bar,Rule B,Value is 7. 7 < 7.6.,1,SAFE,Dataset_FineTune/Selected images/ft_gauge (44).jpg,Dataset_FineTune/Preprocessed/ft_gauge (44).jpg,
89,ft_gauge (45).jpg,guage,,3,bar,Alert if > 2.2 bar.,3 bar,Rule A,Value is 3. 3 > 2.2.,1,UNSAFE,Dataset_FineTune/Selected images/ft_gauge (45).jpg,Dataset_FineTune/Preprocessed/ft_gauge (45).jpg,
90,ft_gauge (45).jpg,guage,,3,bar,Alert if > 3.8 bar.,3 bar,Rule B,Value is 3. 3 < 3.8.,1,SAFE,Dataset_FineTune/Selected images/ft_gauge (45).jpg,Dataset_FineTune/Preprocessed/ft_gauge (45).jpg,
91,ft_gauge (46).jpg,guage,,4.8,bar,Alert if > 4.1 bar.,4.8 bar,Rule A,Value is 4.8. 4.8 > 4.1.,1,UNSAFE,Dataset_FineTune/Selected images/ft_gauge (46).jpg,Dataset_FineTune/Preprocessed/ft_gauge (46).jpg,
92,ft_gauge (46).jpg,guage,,4.8,bar,Alert if > 5.5 bar.,4.8 bar,Rule B,Value is 4.8. 4.8 < 5.5.,1,SAFE,Dataset_FineTune/Selected images/ft_gauge (46).jpg,Dataset_FineTune/Preprocessed/ft_gauge (46).jpg,
93,ft_gauge (47).jpg,guage,Low Contrast/ Oblique Angle,5.5,bar,Alert if > 4.6 bar.,5.5 bar,Rule A,Value is 5.5. 5.5 > 4.6.,1,UNSAFE,Dataset_FineTune/Selected images/ft_gauge (47).jpg,Dataset_FineTune/Preprocessed/ft_gauge (47).jpg,Low Contrast/ Oblique Angle
94,ft_gauge (47).jpg,guage,Low Contrast/ Oblique Angle,5.5,bar,Alert if > 6.4 bar.,5.5 bar,Rule B,Value is 5.5. 5.5 < 6.4.,1,SAFE,Dataset_FineTune/Selected images/ft_gauge (47).jpg,Dataset_FineTune/Preprocessed/ft_gauge (47).jpg,Low Contrast/ Oblique Angle
95,ft_gauge (48).jpg,guage,,5.5,bar,Alert if > 4 bar.,5.5 bar,Rule A,Value is 5.5. 5.5 > 4.,1,UNSAFE,Dataset_FineTune/Selected images/ft_gauge (48).jpg,Dataset_FineTune/Preprocessed/ft_gauge (48).jpg,
96,ft_gauge (48).jpg,guage,,5.5,bar,Alert if > 7 bar.,5.5 bar,Rule B,Value is 5.5. 5.5 < 7.,1,SAFE,Dataset_FineTune/Selected images/ft_gauge (48).jpg,Dataset_FineTune/Preprocessed/ft_gauge (48).jpg,
97,ft_gauge (49).jpg,guage,Glare,5.7,bar,Alert if > 4.7 bar.,5.7 bar,Rule A,Value is 5.7. 5.7 > 4.7.,1,UNSAFE,Dataset_FineTune/Selected images/ft_gauge (49).jpg,Dataset_FineTune/Preprocessed/ft_gauge (49).jpg,Glare
98,ft_gauge (49).jpg,guage,Glare,5.7,bar,Alert if > 6.7 bar.,5.7 bar,Rule B,Value is 5.7. 5.7 < 6.7.,1,SAFE,Dataset_FineTune/Selected images/ft_gauge (49).jpg,Dataset_FineTune/Preprocessed/ft_gauge (49).jpg,Glare
99,ft_gauge (50).jpg,guage,Glare,5.5,bar,Alert if > 4.4 bar.,5.5 bar,Rule A,Value is 5.5. 5.5 > 4.4.,1,UNSAFE,Dataset_FineTune/Selected images/ft_gauge (50).jpg,Dataset_FineTune/Preprocessed/ft_gauge (50).jpg,Glare
100,ft_gauge (50).jpg,guage,Glare,5.5,bar,Alert if > 6.6 bar.,5.5 bar,Rule B,Value is 5.5. 5.5 < 6.6.,1,SAFE,Dataset_FineTune/Selected images/ft_gauge (50).jpg,Dataset_FineTune/Preprocessed/ft_gauge (50).jpg,Glare
101,ft_gauge (51).jpg,guage,Low Contrast,0,,Alert if reading is at 0 NA.,0 NA,Rule A,Value is 0. System is at 0.,1,UNSAFE,Dataset_FineTune/Selected images/ft_gauge (51).jpg,Dataset_FineTune/Preprocessed/ft_gauge (51).jpg,Low Contrast
102,ft_gauge (51).jpg,guage,Low Contrast,0,,Alert if > 5 NA.,0 NA,Rule B,Value is 0. 0 < 5.,1,SAFE,Dataset_FineTune/Selected images/ft_gauge (51).jpg,Dataset_FineTune/Preprocessed/ft_gauge (51).jpg,Low Contrast
103,ft_gauge (52).jpg,guage,Low Contrast,3,,Alert if > 1.5 NA.,3 NA,Rule A,Value is 3. 3 > 1.5.,1,UNSAFE,Dataset_FineTune/Selected images/ft_gauge (52).jpg,Dataset_FineTune/Preprocessed/ft_gauge (52).jpg,Low Contrast
104,ft_gauge (52).jpg,guage,Low Contrast,3,,Alert if > 4.5 NA.,3 NA,Rule B,Value is 3. 3 < 4.5.,1,SAFE,Dataset_FineTune/Selected images/ft_gauge (52).jpg,Dataset_FineTune/Preprocessed/ft_gauge (52).jpg,Low Contrast
105,ft_gauge (53).jpg,guage,Low Contrast,100,,Alert if > 41 NA.,100 NA,Rule A,Value is 100. 100 > 41.,1,UNSAFE,Dataset_FineTune/Selected images/ft_gauge (53).jpg,Dataset_FineTune/Preprocessed/ft_gauge (53).jpg,Low Contrast
106,ft_gauge (53).jpg,guage,Low Contrast,100,,Alert if > 159 NA.,100 NA,Rule B,Value is 100. 100 < 159.,1,SAFE,Dataset_FineTune/Selected images/ft_gauge (53).jpg,Dataset_FineTune/Preprocessed/ft_gauge (53).jpg,Low Contrast
107,ft_gauge (54).jpg,guage,Low Contrast,0,,Alert if reading is at 0 NA.,0 NA,Rule A,Value is 0. System is at 0.,1,UNSAFE,Dataset_FineTune/Selected images/ft_gauge (54).jpg,Dataset_FineTune/Preprocessed/ft_gauge (54).jpg,Low Contrast
108,ft_gauge (54).jpg,guage,Low Contrast,0,,Alert if > 1 NA.,0 NA,Rule B,Value is 0. 0 < 1.,1,SAFE,Dataset_FineTune/Selected images/ft_gauge (54).jpg,Dataset_FineTune/Preprocessed/ft_gauge (54).jpg,Low Contrast
109,ft_gauge (55).jpg,guage,Glare,1,,Alert if > 0.5 NA.,1 NA,Rule A,Value is 1. 1 > 0.5.,1,UNSAFE,Dataset_FineTune/Selected images/ft_gauge (55).jpg,Dataset_FineTune/Preprocessed/ft_gauge (55).jpg,Glare
110,ft_gauge (55).jpg,guage,Glare,1,,Alert if > 2.4 NA.,1 NA,Rule B,Value is 1. 1 < 2.4.,1,SAFE,Dataset_FineTune/Selected images/ft_gauge (55).jpg,Dataset_FineTune/Preprocessed/ft_gauge (55).jpg,Glare
111,ft_gauge (56).jpg,guage,Low Contrast,2,,Alert if > 1.2 NA.,2 NA,Rule A,Value is 2. 2 > 1.2.,1,UNSAFE,Dataset_FineTune/Selected images/ft_gauge (56).jpg,Dataset_FineTune/Preprocessed/ft_gauge (56).jpg,Low Contrast
112,ft_gauge (56).jpg,guage,Low Contrast,2,,Alert if > 2.8 NA.,2 NA,Rule B,Value is 2. 2 < 2.8.,1,SAFE,Dataset_FineTune/Selected images/ft_gauge (56).jpg,Dataset_FineTune/Preprocessed/ft_gauge (56).jpg,Low Contrast
113,ft_gauge (57).jpg,guage,Low Contrast,500,kPa,Alert if > 439 kPa.,500 kPa,Rule A,Value is 500. 500 > 439.,1,UNSAFE,Dataset_FineTune/Selected images/ft_gauge (57).jpg,Dataset_FineTune/Preprocessed/ft_gauge (57).jpg,Low Contrast
114,ft_gauge (57).jpg,guage,Low Contrast,500,kPa,Alert if > 561 kPa.,500 kPa,Rule B,Value is 500. 500 < 561.,1,SAFE,Dataset_FineTune/Selected images/ft_gauge (57).jpg,Dataset_FineTune/Preprocessed/ft_gauge (57).jpg,Low Contrast
115,ft_gauge (58).jpg,guage,Low Contrast,0,,Alert if reading is at 0 NA.,0 NA,Rule A,Value is 0. System is at 0.,1,UNSAFE,Dataset_FineTune/Selected images/ft_gauge (58).jpg,Dataset_FineTune/Preprocessed/ft_gauge (58).jpg,Low Contrast
116,ft_gauge (58).jpg,guage,Low Contrast,0,,Alert if > 5 NA.,0 NA,Rule B,Value is 0. 0 < 5.,1,SAFE,Dataset_FineTune/Selected images/ft_gauge (58).jpg,Dataset_FineTune/Preprocessed/ft_gauge (58).jpg,Low Contrast
117,ft_gauge (59).jpg,guage,Low Contrast,0,,Alert if reading is at 0 NA.,0 NA,Rule A,Value is 0. System is at 0.,1,UNSAFE,Dataset_FineTune/Selected images/ft_gauge (59).jpg,Dataset_FineTune/Preprocessed/ft_gauge (59).jpg,Low Contrast
118,ft_gauge (59).jpg,guage,Low Contrast,0,,Alert if > 20 NA.,0 NA,Rule B,Value is 0. 0 < 20.,1,SAFE,Dataset_FineTune/Selected images/ft_gauge (59).jpg,Dataset_FineTune/Preprocessed/ft_gauge (59).jpg,Low Contrast
119,ft_gauge (60).jpg,guage,Low Contrast,2500,kPa,Alert if > 2279 kPa.,2500 kPa,Rule A,Value is 2500. 2500 > 2279.,1,UNSAFE,Dataset_FineTune/Selected images/ft_gauge (60).jpg,Dataset_FineTune/Preprocessed/ft_gauge (60).jpg,Low Contrast
120,ft_gauge (60).jpg,guage,Low Contrast,2500,kPa,Alert if > 2721 kPa.,2500 kPa,Rule B,Value is 2500. 2500 < 2721.,1,SAFE,Dataset_FineTune/Selected images/ft_gauge (60).jpg,Dataset_FineTune/Preprocessed/ft_gauge (60).jpg,Low Contrast
121,ft_gauge (61).jpg,guage,Glare,0,,Alert if reading is at 0 NA.,0 NA,Rule A,Value is 0. System is at 0.,1,UNSAFE,Dataset_FineTune/Selected images/ft_gauge (61).jpg,Dataset_FineTune/Preprocessed/ft_gauge (61).jpg,Glare
122,ft_gauge (61).jpg,guage,Glare,0,,Alert if > 50 NA.,0 NA,Rule B,Value is 0. 0 < 50.,1,SAFE,Dataset_FineTune/Selected images/ft_gauge (61).jpg,Dataset_FineTune/Preprocessed/ft_gauge (61).jpg,Glare
123,ft_gauge (62).jpg,guage,Low Contrast/ Oblique Angle,0,,Alert if reading is at 0 NA.,0 NA,Rule A,Value is 0. System is at 0.,1,UNSAFE,Dataset_FineTune/Selected images/ft_gauge (62).jpg,Dataset_FineTune/Preprocessed/ft_gauge (62).jpg,Low Contrast/ Oblique Angle
124,ft_gauge (62).jpg,guage,Low Contrast/ Oblique Angle,0,,Alert if > 5 NA.,0 NA,Rule B,Value is 0. 0 < 5.,1,SAFE,Dataset_FineTune/Selected images/ft_gauge (62).jpg,Dataset_FineTune/Preprocessed/ft_gauge (62).jpg,Low Contrast/ Oblique Angle
125,ft_gauge (63).jpg,guage,Low Contrast,60,,Alert if > 49 NA.,60 NA,Rule A,Value is 60. 60 > 49.,1,UNSAFE,Dataset_FineTune/Selected images/ft_gauge (63).jpg,Dataset_FineTune/Preprocessed/ft_gauge (63).jpg,Low Contrast
126,ft_gauge (63).jpg,guage,Low Contrast,60,,Alert if > 71 NA.,60 NA,Rule B,Value is 60. 60 < 71.,1,SAFE,Dataset_FineTune/Selected images/ft_gauge (63).jpg,Dataset_FineTune/Preprocessed/ft_gauge (63).jpg,Low Contrast
127,ft_gauge (64).jpg,guage,Low Contrast,0.2,,Alert if > 0.09 NA.,0.2 NA,Rule A,Value is 0.2. 0.2 > 0.09.,1,UNSAFE,Dataset_FineTune/Selected images/ft_gauge (64).jpg,Dataset_FineTune/Preprocessed/ft_gauge (64).jpg,Low Contrast
128,ft_gauge (64).jpg,guage,Low Contrast,0.2,,Alert if > 0.31 NA.,0.2 NA,Rule B,Value is 0.2. 0.2 < 0.31.,1,SAFE,Dataset_FineTune/Selected images/ft_gauge (64).jpg,Dataset_FineTune/Preprocessed/ft_gauge (64).jpg,Low Contrast
129,ft_gauge (65).jpg,guage,,0,mbar,Alert if reading is at 0 mbar.,0 mbar,Rule A,Value is 0. System is at 0.,0,UNSAFE,Dataset_FineTune/Selected images/ft_gauge (65).jpg,Dataset_FineTune/Preprocessed/ft_gauge (65).jpg,
130,ft_gauge (65).jpg,guage,,0,mbar,Alert if > 5 mbar.,0 mbar,Rule B,Value is 0. 0 < 5.,0,SAFE,Dataset_FineTune/Selected images/ft_gauge (65).jpg,Dataset_FineTune/Preprocessed/ft_gauge (65).jpg,
131,ft_gauge (66).jpg,guage,,28,°C,Alert if > 23 °C.,28 °C,Rule A,Value is 28. 28 > 23.,0,UNSAFE,Dataset_FineTune/Selected images/ft_gauge (66).jpg,Dataset_FineTune/Preprocessed/ft_gauge (66).jpg,
132,ft_gauge (66).jpg,guage,,28,°C,Alert if > 33 °C.,28 °C,Rule B,Value is 28. 28 < 33.,0,SAFE,Dataset_FineTune/Selected images/ft_gauge (66).jpg,Dataset_FineTune/Preprocessed/ft_gauge (66).jpg,
133,ft_gauge (67).jpg,guage,,0.1,,Alert if > 0.07 NA.,0.1 NA,Rule A,Value is 0.1. 0.1 > 0.07.,0,UNSAFE,Dataset_FineTune/Selected images/ft_gauge (67).jpg,Dataset_FineTune/Preprocessed/ft_gauge (67).jpg,
134,ft_gauge (67).jpg,guage,,0.1,,Alert if > 0.13 NA.,0.1 NA,Rule B,Value is 0.1. 0.1 < 0.13.,0,SAFE,Dataset_FineTune/Selected images/ft_gauge (67).jpg,Dataset_FineTune/Preprocessed/ft_gauge (67).jpg,
135,ft_gauge (68).jpg,guage,Oblique Angle,500,kPa,Alert if > 468 kPa.,500 kPa,Rule A,Value is 500. 500 > 468.,1,UNSAFE,Dataset_FineTune/Selected images/ft_gauge (68).jpg,Dataset_FineTune/Preprocessed/ft_gauge (68).jpg,Oblique Angle
136,ft_gauge (68).jpg,guage,Oblique Angle,500,kPa,Alert if > 532 kPa.,500 kPa,Rule B,Value is 500. 500 < 532.,1,SAFE,Dataset_FineTune/Selected images/ft_gauge (68).jpg,Dataset_FineTune/Preprocessed/ft_gauge (68).jpg,Oblique Angle
137,ft_gauge (69).jpg,guage,,1,bar,Alert if > 0.1 bar.,1 bar,Rule A,Value is 1. 1 > 0.1.,1,UNSAFE,Dataset_FineTune/Selected images/ft_gauge (69).jpg,Dataset_FineTune/Preprocessed/ft_gauge (69).jpg,
138,ft_gauge (69).jpg,guage,,1,bar,Alert if > 1.9 bar.,1 bar,Rule B,Value is 1. 1 < 1.9.,1,SAFE,Dataset_FineTune/Selected images/ft_gauge (69).jpg,Dataset_FineTune/Preprocessed/ft_gauge (69).jpg,
139,ft_gauge (70).jpg,guage,Low Contrast,0.3,bar,Alert if > 0.19 bar.,0.3 bar,Rule A,Value is 0.3. 0.3 > 0.19.,1,UNSAFE,Dataset_FineTune/Selected images/ft_gauge (70).jpg,Dataset_FineTune/Preprocessed/ft_gauge (70).jpg,Low Contrast
140,ft_gauge (70).jpg,guage,Low Contrast,0.3,bar,Alert if > 0.41 bar.,0.3 bar,Rule B,Value is 0.3. 0.3 < 0.41.,1,SAFE,Dataset_FineTune/Selected images/ft_gauge (70).jpg,Dataset_FineTune/Preprocessed/ft_gauge (70).jpg,Low Contrast
141,ft_gauge (71).jpg,guage,,1.1,bar,Alert if > 0.55 bar.,1.1 bar,Rule A,Value is 1.1. 1.1 > 0.55.,1,UNSAFE,Dataset_FineTune/Selected images/ft_gauge (71).jpg,Dataset_FineTune/Preprocessed/ft_gauge (71).jpg,
142,ft_gauge (71).jpg,guage,,1.1,bar,Alert if > 3 bar.,1.1 bar,Rule B,Value is 1.1. 1.1 < 3.,1,SAFE,Dataset_FineTune/Selected images/ft_gauge (71).jpg,Dataset_FineTune/Preprocessed/ft_gauge (71).jpg,
143,ft_gauge (72).jpg,guage,,160,psi,Alert if > 89 psi.,160 psi,Rule A,Value is 160. 160 > 89.,1,UNSAFE,Dataset_FineTune/Selected images/ft_gauge (72).jpg,Dataset_FineTune/Preprocessed/ft_gauge (72).jpg,
144,ft_gauge (72).jpg,guage,,160,psi,Alert if > 231 psi.,160 psi,Rule B,Value is 160. 160 < 231.,1,SAFE,Dataset_FineTune/Selected images/ft_gauge (72).jpg,Dataset_FineTune/Preprocessed/ft_gauge (72).jpg,
145,ft_gauge (73).jpg,guage,Glare,0,bar,Alert if reading is at 0 bar.,0 bar,Rule A,Value is 0. System is at 0.,1,UNSAFE,Dataset_FineTune/Selected images/ft_gauge (73).jpg,Dataset_FineTune/Preprocessed/ft_gauge (73).jpg,Glare
146,ft_gauge (73).jpg,guage,Glare,0,bar,Alert if > 2.0 bar.,0 bar,Rule B,Value is 0. 0 < 2.0.,1,SAFE,Dataset_FineTune/Selected images/ft_gauge (73).jpg,Dataset_FineTune/Preprocessed/ft_gauge (73).jpg,Glare
147,ft_gauge (74).jpg,guage,Low Contrast,15,,Alert if > 10 NA.,15 NA,Rule A,Value is 15. 15 > 10.,0,UNSAFE,Dataset_FineTune/Selected images/ft_gauge (74).jpg,Dataset_FineTune/Preprocessed/ft_gauge (74).jpg,Low Contrast
148,ft_gauge (74).jpg,guage,Low Contrast,15,,Alert if > 20 NA.,15 NA,Rule B,Value is 15. 15 < 20.,0,SAFE,Dataset_FineTune/Selected images/ft_gauge (74).jpg,Dataset_FineTune/Preprocessed/ft_gauge (74).jpg,Low Contrast
149,ft_gauge (75).jpg,guage,Oblique Angle,150,,Alert if > 105 NA.,150 NA,Rule A,Value is 150. 150 > 105.,1,UNSAFE,Dataset_FineTune/Selected images/ft_gauge (75).jpg,Dataset_FineTune/Preprocessed/ft_gauge (75).jpg,Oblique Angle
150,ft_gauge (75).jpg,guage,Oblique Angle,150,,Alert if > 195 NA.,150 NA,Rule B,Value is 150. 150 < 195.,1,SAFE,Dataset_FineTune/Selected images/ft_gauge (75).jpg,Dataset_FineTune/Preprocessed/ft_gauge (75).jpg,Oblique Angle
151,ft_gauge (76).jpg,guage,Low Contrast,3,bar,Alert if > 1.2 bar.,3 bar,Rule A,Value is 3. 3 > 1.2.,1,UNSAFE,Dataset_FineTune/Selected images/ft_gauge (76).jpg,Dataset_FineTune/Preprocessed/ft_gauge (76).jpg,Low Contrast
152,ft_gauge (76).jpg,guage,Low Contrast,3,bar,Alert if > 4.8 bar.,3 bar,Rule B,Value is 3. 3 < 4.8.,1,SAFE,Dataset_FineTune/Selected images/ft_gauge (76).jpg,Dataset_FineTune/Preprocessed/ft_gauge (76).jpg,Low Contrast
153,ft_gauge (77).jpg,guage,Oblique Angle/ Low Contrast,200,,Alert if > 145 NA.,200 NA,Rule A,Value is 200. 200 > 145.,1,UNSAFE,Dataset_FineTune/Selected images/ft_gauge (77).jpg,Dataset_FineTune/Preprocessed/ft_gauge (77).jpg,Oblique Angle/ Low Contrast
154,ft_gauge (77).jpg,guage,Oblique Angle/ Low Contrast,200,,Alert if > 255 NA.,200 NA,Rule B,Value is 200. 200 < 255.,1,SAFE,Dataset_FineTune/Selected images/ft_gauge (77).jpg,Dataset_FineTune/Preprocessed/ft_gauge (77).jpg,Oblique Angle/ Low Contrast
155,ft_gauge (78).jpg,guage,,7,,Alert if > 6.3 NA.,7 NA,Rule A,Value is 7. 7 > 6.3.,0,UNSAFE,Dataset_FineTune/Selected images/ft_gauge (78).jpg,Dataset_FineTune/Preprocessed/ft_gauge (78).jpg,
156,ft_gauge (78).jpg,guage,,7,,Alert if > 7.7 NA.,7 NA,Rule B,Value is 7. 7 < 7.7.,0,SAFE,Dataset_FineTune/Selected images/ft_gauge (78).jpg,Dataset_FineTune/Preprocessed/ft_gauge (78).jpg,
157,ft_gauge (79).jpg,guage,Low Contrast,0,,Alert if reading is at 0 NA.,0 NA,Rule A,Value is 0. System is at 0.,1,UNSAFE,Dataset_FineTune/Selected images/ft_gauge (79).jpg,Dataset_FineTune/Preprocessed/ft_gauge (79).jpg,Low Contrast
158,ft_gauge (79).jpg,guage,Low Contrast,0,,Alert if > 5 NA.,0 NA,Rule B,Value is 0. 0 < 5.,1,SAFE,Dataset_FineTune/Selected images/ft_gauge (79).jpg,Dataset_FineTune/Preprocessed/ft_gauge (79).jpg,Low Contrast
159,ft_gauge (80).jpg,guage,Glare,1,,Alert if > 0.1 NA.,1 NA,Rule A,Value is 1. 1 > 0.1.,1,UNSAFE,Dataset_FineTune/Selected images/ft_gauge (80).jpg,Dataset_FineTune/Preprocessed/ft_gauge (80).jpg,Glare
160,ft_gauge (80).jpg,guage,Glare,1,,Alert if > 1.9 NA.,1 NA,Rule B,Value is 1. 1 < 1.9.,1,SAFE,Dataset_FineTune/Selected images/ft_gauge (80).jpg,Dataset_FineTune/Preprocessed/ft_gauge (80).jpg,Glare
161,ft_gauge (81).jpg,guage,Oblique Angle,0,,Alert if reading is at 0 NA.,0 NA,Rule A,Value is 0. System is at 0.,0,UNSAFE,Dataset_FineTune/Selected images/ft_gauge (81).jpg,Dataset_FineTune/Preprocessed/ft_gauge (81).jpg,Oblique Angle
162,ft_gauge (81).jpg,guage,Oblique Angle,0,,Alert if > 50 NA.,0 NA,Rule B,Value is 0. 0 < 50.,0,SAFE,Dataset_FineTune/Selected images/ft_gauge (81).jpg,Dataset_FineTune/Preprocessed/ft_gauge (81).jpg,Oblique Angle
163,ft_gauge (82).jpg,guage,Oblique Angle,10,Mpa,Alert if > 1 Mpa.,10 Mpa,Rule A,Value is 10. 10 > 1.,1,UNSAFE,Dataset_FineTune/Selected images/ft_gauge (82).jpg,Dataset_FineTune/Preprocessed/ft_gauge (82).jpg,Oblique Angle
164,ft_gauge (82).jpg,guage,Oblique Angle,10,Mpa,Alert if > 19 Mpa.,10 Mpa,Rule B,Value is 10. 10 < 19.,1,SAFE,Dataset_FineTune/Selected images/ft_gauge (82).jpg,Dataset_FineTune/Preprocessed/ft_gauge (82).jpg,Oblique Angle
165,ft_gauge (83).jpg,guage,Oblique Angle,10,bar,Alert if > 5 bar.,10 bar,Rule A,Value is 10. 10 > 5.,1,UNSAFE,Dataset_FineTune/Selected images/ft_gauge (83).jpg,Dataset_FineTune/Preprocessed/ft_gauge (83).jpg,Oblique Angle
166,ft_gauge (83).jpg,guage,Oblique Angle,10,bar,Alert if > 22 bar.,10 bar,Rule B,Value is 10. 10 < 22.,1,SAFE,Dataset_FineTune/Selected images/ft_gauge (83).jpg,Dataset_FineTune/Preprocessed/ft_gauge (83).jpg,Oblique Angle
167,ft_gauge (84).jpg,guage,Oblique Angle,0,,Alert if reading is at 0 NA.,0 NA,Rule A,Value is 0. System is at 0.,1,UNSAFE,Dataset_FineTune/Selected images/ft_gauge (84).jpg,Dataset_FineTune/Preprocessed/ft_gauge (84).jpg,Oblique Angle
168,ft_gauge (84).jpg,guage,Oblique Angle,0,,Alert if > 20 NA.,0 NA,Rule B,Value is 0. 0 < 20.,1,SAFE,Dataset_FineTune/Selected images/ft_gauge (84).jpg,Dataset_FineTune/Preprocessed/ft_gauge (84).jpg,Oblique Angle
169,ft_gauge (85).jpg,guage,Oblique Angle,1.5,bar,Alert if > 0.75 bar.,1.5 bar,Rule A,Value is 1.5. 1.5 > 0.75.,1,UNSAFE,Dataset_FineTune/Selected images/ft_gauge (85).jpg,Dataset_FineTune/Preprocessed/ft_gauge (85).jpg,Oblique Angle
170,ft_gauge (85).jpg,guage,Oblique Angle,1.5,bar,Alert if > 3.3 bar.,1.5 bar,Rule B,Value is 1.5. 1.5 < 3.3.,1,SAFE,Dataset_FineTune/Selected images/ft_gauge (85).jpg,Dataset_FineTune/Preprocessed/ft_gauge (85).jpg,Oblique Angle
171,ft_gauge (86).jpg,guage,Oblique Angle,180,psi,Alert if > 142 psi.,180 psi,Rule A,Value is 180. 180 > 142.,1,UNSAFE,Dataset_FineTune/Selected images/ft_gauge (86).jpg,Dataset_FineTune/Preprocessed/ft_gauge (86).jpg,Oblique Angle
172,ft_gauge (86).jpg,guage,Oblique Angle,180,psi,Alert if > 218 psi.,180 psi,Rule B,Value is 180. 180 < 218.,1,SAFE,Dataset_FineTune/Selected images/ft_gauge (86).jpg,Dataset_FineTune/Preprocessed/ft_gauge (86).jpg,Oblique Angle
173,ft_gauge (87).jpg,guage,,1.6,bar,Alert if > 0.8 bar.,1.6 bar,Rule A,Value is 1.6. 1.6 > 0.8.,0,UNSAFE,Dataset_FineTune/Selected images/ft_gauge (87).jpg,Dataset_FineTune/Preprocessed/ft_gauge (87).jpg,
174,ft_gauge (87).jpg,guage,,1.6,bar,Alert if > 2.4 bar.,1.6 bar,Rule B,Value is 1.6. 1.6 < 2.4.,0,SAFE,Dataset_FineTune/Selected images/ft_gauge (87).jpg,Dataset_FineTune/Preprocessed/ft_gauge (87).jpg,
175,ft_gauge (88).jpg,guage,Low Contrast,10,,Alert if > 5 NA.,10 NA,Rule A,Value is 10. 10 > 5.,1,UNSAFE,Dataset_FineTune/Selected images/ft_gauge (88).jpg,Dataset_FineTune/Preprocessed/ft_gauge (88).jpg,Low Contrast
176,ft_gauge (88).jpg,guage,Low Contrast,10,,Alert if > 25 NA.,10 NA,Rule B,Value is 10. 10 < 25.,1,SAFE,Dataset_FineTune/Selected images/ft_gauge (88).jpg,Dataset_FineTune/Preprocessed/ft_gauge (88).jpg,Low Contrast
177,ft_gauge (89).jpg,guage,Low Contrast,15,,Alert if > 6 NA.,15 NA,Rule A,Value is 15. 15 > 6.,1,UNSAFE,Dataset_FineTune/Selected images/ft_gauge (89).jpg,Dataset_FineTune/Preprocessed/ft_gauge (89).jpg,Low Contrast
178,ft_gauge (89).jpg,guage,Low Contrast,15,,Alert if > 24 NA.,15 NA,Rule B,Value is 15. 15 < 24.,1,SAFE,Dataset_FineTune/Selected images/ft_gauge (89).jpg,Dataset_FineTune/Preprocessed/ft_gauge (89).jpg,Low Contrast
179,ft_gauge (90).jpg,guage,Low Contrast,2.5,,Alert if > 1.9 NA.,2.5 NA,Rule A,Value is 2.5. 2.5 > 1.9.,1,UNSAFE,Dataset_FineTune/Selected images/ft_gauge (90).jpg,Dataset_FineTune/Preprocessed/ft_gauge (90).jpg,Low Contrast
180,ft_gauge (90).jpg,guage,Low Contrast,2.5,,Alert if > 3.1 NA.,2.5 NA,Rule B,Value is 2.5. 2.5 < 3.1.,1,SAFE,Dataset_FineTune/Selected images/ft_gauge (90).jpg,Dataset_FineTune/Preprocessed/ft_gauge (90).jpg,Low Contrast
181,ft_gauge (91).jpg,guage,Low Contrast,108,psi,Alert if > 95 psi.,108 psi,Rule A,Value is 108. 108 > 95.,1,UNSAFE,Dataset_FineTune/Selected images/ft_gauge (91).jpg,Dataset_FineTune/Preprocessed/ft_gauge (91).jpg,Low Contrast
182,ft_gauge (91).jpg,guage,Low Contrast,108,psi,Alert if > 121 psi.,108 psi,Rule B,Value is 108. 108 < 121.,1,SAFE,Dataset_FineTune/Selected images/ft_gauge (91).jpg,Dataset_FineTune/Preprocessed/ft_gauge (91).jpg,Low Contrast
183,ft_gauge (92).jpg,guage,,68,psi,Alert if > 65 psi.,68 psi,Rule A,Value is 68. 68 > 65.,1,UNSAFE,Dataset_FineTune/Selected images/ft_gauge (92).jpg,Dataset_FineTune/Preprocessed/ft_gauge (92).jpg,
184,ft_gauge (92).jpg,guage,,68,psi,Alert if > 71 psi.,68 psi,Rule B,Value is 68. 68 < 71.,1,SAFE,Dataset_FineTune/Selected images/ft_gauge (92).jpg,Dataset_FineTune/Preprocessed/ft_gauge (92).jpg,
185,ft_gauge (93).jpg,guage,Oblique Angle,25,psi,Alert if > 15 psi.,25 psi,Rule A,Value is 25. 25 > 15.,1,UNSAFE,Dataset_FineTune/Selected images/ft_gauge (93).jpg,Dataset_FineTune/Preprocessed/ft_gauge (93).jpg,Oblique Angle
186,ft_gauge (93).jpg,guage,Oblique Angle,25,psi,Alert if > 35 psi.,25 psi,Rule B,Value is 25. 25 < 35.,1,SAFE,Dataset_FineTune/Selected images/ft_gauge (93).jpg,Dataset_FineTune/Preprocessed/ft_gauge (93).jpg,Oblique Angle
187,ft_gauge (94).jpg,guage,Glare,0,,Alert if reading is at 0 NA.,0 NA,Rule A,Value is 0. System is at 0.,0,UNSAFE,Dataset_FineTune/Selected images/ft_gauge (94).jpg,Dataset_FineTune/Preprocessed/ft_gauge (94).jpg,Glare
188,ft_gauge (94).jpg,guage,Glare,0,,Alert if > 20 NA.,0 NA,Rule B,Value is 0. 0 < 20.,0,SAFE,Dataset_FineTune/Selected images/ft_gauge (94).jpg,Dataset_FineTune/Preprocessed/ft_gauge (94).jpg,Glare
189,ft_gauge (95).jpg,guage,Low Contrast,1,kPa,Alert if > 0.5 kPa.,1 kPa,Rule A,Value is 1. 1 > 0.5.,1,UNSAFE,Dataset_FineTune/Selected images/ft_gauge (95).jpg,Dataset_FineTune/Preprocessed/ft_gauge (95).jpg,Low Contrast
190,ft_gauge (95).jpg,guage,Low Contrast,1,kPa,Alert if > 2.4 kPa.,1 kPa,Rule B,Value is 1. 1 < 2.4.,1,SAFE,Dataset_FineTune/Selected images/ft_gauge (95).jpg,Dataset_FineTune/Preprocessed/ft_gauge (95).jpg,Low Contrast
191,ft_gauge (96).jpg,guage,Glare,2,,Alert if > 0.9 NA.,2 NA,Rule A,Value is 2. 2 > 0.9.,1,UNSAFE,Dataset_FineTune/Selected images/ft_gauge (96).jpg,Dataset_FineTune/Preprocessed/ft_gauge (96).jpg,Glare
192,ft_gauge (96).jpg,guage,Glare,2,,Alert if > 3.1 NA.,2 NA,Rule B,Value is 2. 2 < 3.1.,1,SAFE,Dataset_FineTune/Selected images/ft_gauge (96).jpg,Dataset_FineTune/Preprocessed/ft_gauge (96).jpg,Glare
193,ft_gauge (97).jpg,guage,Low Contrast,30,,Alert if > 20 NA.,30 NA,Rule A,Value is 30. 30 > 20.,1,UNSAFE,Dataset_FineTune/Selected images/ft_gauge (97).jpg,Dataset_FineTune/Preprocessed/ft_gauge (97).jpg,Low Contrast
194,ft_gauge (97).jpg,guage,Low Contrast,30,,Alert if > 40 NA.,30 NA,Rule B,Value is 30. 30 < 40.,1,SAFE,Dataset_FineTune/Selected images/ft_gauge (97).jpg,Dataset_FineTune/Preprocessed/ft_gauge (97).jpg,Low Contrast
195,ft_gauge (98).jpg,guage,Oblique Angle,2,,Alert if > 0.8 NA.,2 NA,Rule A,Value is 2. 2 > 0.8.,1,UNSAFE,Dataset_FineTune/Selected images/ft_gauge (98).jpg,Dataset_FineTune/Preprocessed/ft_gauge (98).jpg,Oblique Angle
196,ft_gauge (98).jpg,guage,Oblique Angle,2,,Alert if > 3.2 NA.,2 NA,Rule B,Value is 2. 2 < 3.2.,1,SAFE,Dataset_FineTune/Selected images/ft_gauge (98).jpg,Dataset_FineTune/Preprocessed/ft_gauge (98).jpg,Oblique Angle
197,ft_gauge (99).jpg,guage,Low Contrast,0,,Alert if reading is at 0 NA.,0 NA,Rule A,Value is 0. System is at 0.,1,UNSAFE,Dataset_FineTune/Selected images/ft_gauge (99).jpg,Dataset_FineTune/Preprocessed/ft_gauge (99).jpg,Low Contrast
198,ft_gauge (99).jpg,guage,Low Contrast,0,,Alert if > 10 NA.,0 NA,Rule B,Value is 0. 0 < 10.,1,SAFE,Dataset_FineTune/Selected images/ft_gauge (99).jpg,Dataset_FineTune/Preprocessed/ft_gauge (99).jpg,Low Contrast
199,ft_gauge (100).jpg,guage,Low Contrast,0,,Alert if reading is at 0 NA.,0 NA,Rule A,Value is 0. System is at 0.,1,UNSAFE,Dataset_FineTune/Selected images/ft_gauge (100).jpg,Dataset_FineTune/Preprocessed/ft_gauge (100).jpg,Low Contrast
200,ft_gauge (100).jpg,guage,Low Contrast,0,,Alert if > 50 NA.,0 NA,Rule B,Value is 0. 0 < 50.,1,SAFE,Dataset_FineTune/Selected images/ft_gauge (100).jpg,Dataset_FineTune/Preprocessed/ft_gauge (100).jpg,Low Contrast
